user_id,cluster
13361,5
4326,5
31159,2
10579,6
30375,4
14543,6
5044,5
29567,4
26958,0
13814,3
27293,1
8649,5
29051,4
8933,6
39476,3
47401,5
46095,5
52707,5
13550,4
46402,0
12338,4
26517,0
19570,5
9457,5
14502,4
27693,6
37672,4
37631,4
48300,4
19753,4
25069,6
52923,3
32741,5
11230,0
21068,3
46267,0
2275,5
29246,0
30981,4
6596,3
3849,5
9459,5
25244,4
41968,2
5998,4
16688,6
13853,0
33065,5
8883,6
6575,5
6900,4
33081,1
45873,3
18768,5
7442,5
51708,1
37460,6
35841,1
11050,4
47059,6
17857,4
35563,2
20791,4
43574,6
50023,6
19924,5
36647,3
27264,0
39767,0
44249,4
8585,3
45865,3
10710,2
49039,0
19293,4
42097,4
51066,0
26065,0
22883,5
39157,1
40325,4
15788,3
19684,2
26970,3
23016,0
36977,4
1419,6
15480,0
11571,6
40387,2
30374,1
17372,4
27394,2
21464,4
8454,5
48528,2
1826,4
10028,2
46985,4
2286,3
16280,4
49393,5
3892,6
32083,1
13059,4
44866,2
49412,6
22967,0
28904,0
17485,5
37142,3
40265,1
6389,5
46501,0
51020,3
7937,4
26235,6
43781,3
26873,6
48578,5
43028,1
38340,6
6054,1
25870,3
20521,3
9514,4
4202,5
26824,1
11283,3
25552,4
27553,1
42806,6
14779,6
36842,4
51481,4
14114,3
13391,4
7630,5
20018,0
27991,4
24518,5
3362,4
3416,4
30733,6
39545,4
3091,2
18870,0
15120,5
36079,6
39304,6
22909,6
19155,1
1554,5
42543,2
26072,6
47318,5
1713,4
3035,5
42190,5
34745,4
12823,4
14348,4
10168,2
10125,1
25421,0
17762,6
40696,3
35878,5
28843,2
25825,2
23890,6
52493,4
29106,0
3437,2
47756,4
45575,5
11920,4
48855,6
10560,4
6218,3
38145,5
45324,6
43513,6
34066,4
40564,1
29582,4
33792,6
49079,5
26398,4
28936,1
52218,2
35364,4
26363,1
14862,0
6123,5
32749,4
30602,5
22545,6
39648,2
27864,3
22547,3
15999,5
17613,5
7860,5
13701,5
7715,1
11059,4
17216,2
9026,6
28718,6
20331,0
31309,5
27954,1
32053,1
9290,2
29668,5
44808,2
32543,0
11782,5
41906,6
21118,0
10067,5
37089,6
3139,5
31938,1
22305,2
22269,4
21811,5
43760,0
3683,3
19428,1
31378,0
49059,1
42231,0
907,6
34379,2
30037,3
5497,5
32537,0
18622,4
11953,4
14523,6
4333,5
19747,4
15267,4
3265,1
29931,4
9358,6
48588,4
9308,3
50997,5
6936,2
27411,5
12433,5
34190,1
15839,4
12765,0
6789,5
17955,0
14326,6
27677,5
1977,6
3464,5
31217,5
362,5
43006,3
52833,0
5190,3
947,0
19235,3
47563,0
7746,2
12824,0
21258,3
18662,4
23752,5
31137,2
22874,4
2291,6
11093,4
15516,1
34751,5
48907,2
22819,4
16569,5
20640,0
5090,4
22166,0
26655,0
38625,6
10876,5
14510,5
39655,0
12983,2
31120,6
28266,5
23115,6
45487,0
46992,3
38580,6
31200,0
49056,6
1031,4
26221,6
13184,4
11263,4
35286,6
12684,6
38320,4
34065,3
36122,5
33035,3
37696,1
23311,6
16774,5
28866,6
46916,4
25508,0
6368,5
52222,2
42529,1
41979,4
45557,6
40159,2
7828,5
8398,6
8272,4
20404,5
31221,5
33815,6
11865,3
1593,4
21995,1
13885,6
39244,0
4882,6
7185,5
33603,4
9629,4
28967,0
39564,4
5054,4
22940,4
23345,5
14415,4
6341,5
27987,4
26182,6
17694,6
30653,3
53116,6
1089,5
33465,6
19194,3
25184,1
14531,6
23338,4
23722,6
16442,1
30369,0
46626,6
11080,5
23850,6
40464,0
36290,4
4498,0
29352,3
46493,6
13967,4
8701,6
28465,6
32353,5
36308,5
37861,5
35602,4
1098,4
21599,2
1927,6
30846,2
3640,5
23806,0
34808,0
9981,6
37798,4
5111,6
20141,3
1434,0
38347,6
1357,6
8222,5
3257,0
48278,0
50332,4
50887,5
20687,4
43036,0
32296,6
8821,4
14437,5
48740,2
10573,5
17704,5
9155,0
15020,0
35912,6
15243,1
38515,6
18766,5
32396,6
17476,0
5404,2
43267,3
24498,6
3269,4
24244,0
34412,4
39618,3
38553,5
2854,5
21819,5
24308,0
818,4
31052,4
17812,4
52917,1
36001,4
18076,2
19838,4
42546,6
38715,0
4596,2
15123,5
14044,0
9206,6
43596,3
19436,5
42009,0
25914,6
49783,1
28699,6
37598,4
38213,5
31242,3
7460,4
26883,1
24873,6
48579,4
6240,6
16009,5
49464,5
7425,2
1283,5
23429,5
22632,6
43453,2
15791,4
2569,5
7897,4
18693,0
23793,3
34167,6
15952,5
3190,5
51021,6
21986,6
2777,3
9425,6
48642,4
24320,3
19544,4
23449,0
5739,5
17855,3
43189,1
43143,6
52290,6
44941,4
6932,3
41877,2
22956,5
20625,5
32254,3
35624,5
6903,0
18670,6
23496,3
22807,6
46811,6
24292,0
5902,3
21125,3
32071,6
45371,2
8485,4
39382,2
20206,6
24983,6
20952,6
52355,2
48441,5
4754,0
37847,2
7005,4
9538,4
135,2
13117,3
33924,3
4821,5
10698,5
39227,6
34639,6
9997,6
22665,5
42270,6
11148,3
45965,5
4641,0
11636,4
4545,4
21859,6
48882,4
25550,1
42866,6
8858,5
43611,1
16473,2
25729,2
24092,0
20429,5
19191,4
25492,0
1792,5
13301,3
15098,3
19515,0
20817,6
46559,0
35246,3
12775,4
22339,5
21621,3
17835,0
4352,5
44175,3
2716,5
15849,2
19467,4
20512,3
52689,4
46902,5
7152,5
33113,2
50581,3
7067,4
51839,3
30104,1
18723,5
52469,3
31809,3
37925,0
45748,0
2213,2
8591,5
21244,5
34394,0
16348,1
15642,4
1732,2
5520,4
49884,6
11987,4
51356,4
10286,4
16001,1
25195,4
25920,5
29458,0
25013,3
48715,2
22302,2
34322,3
31271,3
46926,2
52187,6
815,6
26184,6
34266,2
9354,6
25732,6
12908,3
820,4
2048,5
104,2
19650,2
35488,4
30739,0
48726,4
20173,6
6046,5
40547,6
2501,6
27625,5
46967,0
43527,1
22760,2
43469,5
16963,4
38736,5
4606,2
7455,0
7513,6
1014,2
10844,6
50473,6
13389,4
48983,3
19725,4
42045,3
1578,6
32163,1
50155,5
44374,6
52674,2
9968,4
13399,5
13437,5
25573,5
26429,6
47195,5
19675,5
16795,6
37495,0
24838,1
49329,4
24592,4
40590,0
27147,4
27367,0
9789,4
39873,4
27884,4
11860,3
26265,0
31778,6
45466,3
5084,6
6149,6
45358,3
28308,2
4069,3
3861,6
42092,3
16635,4
7448,3
23892,6
8122,6
48172,3
22156,0
21607,4
30633,6
4591,5
51403,6
37069,6
6794,4
5609,5
18102,4
23450,5
7773,6
39058,4
13406,5
26508,0
3232,4
4536,6
6215,5
52934,5
47470,2
20083,5
44955,4
29845,6
45450,3
51845,1
6415,4
14669,0
45584,3
28337,5
52278,6
4701,4
26532,2
1228,5
34333,3
45380,6
26491,2
41019,4
19896,5
25976,4
14923,3
51534,0
31725,2
3472,6
33698,1
32665,0
2901,4
42441,4
24291,2
2923,4
38144,2
5247,3
31857,6
17424,5
19344,5
23456,6
48928,0
48935,6
24036,3
35114,6
694,5
27981,4
2257,5
37223,5
22913,4
39072,2
14794,6
19274,6
18380,0
10266,6
50178,6
11150,5
3615,6
53186,2
41982,5
10658,4
6444,5
2538,4
8793,0
24430,1
35789,3
52041,6
9059,6
41433,3
4795,6
18580,5
26054,0
33723,6
12544,3
14969,6
20923,6
1103,5
4791,1
30642,5
9414,5
15689,4
39158,6
37247,4
7181,6
5333,2
31257,6
5964,4
42492,3
9771,6
43420,5
10534,2
10241,6
11671,3
12362,5
8344,4
35567,6
51220,5
978,6
21077,6
41992,3
44038,6
39047,4
52528,4
50521,0
18349,0
17727,6
18683,4
7097,5
47361,0
52149,5
52193,2
39916,4
15743,0
48081,3
18333,1
21230,6
27607,2
15816,2
13900,5
9557,0
52585,5
5930,4
11021,0
28861,4
36362,6
39046,6
13428,2
41049,4
19133,1
4760,5
42936,5
41554,4
37911,0
41454,6
15233,3
19425,5
27697,4
24985,1
50504,3
43148,5
25077,0
19730,4
41506,2
5212,3
10153,4
25296,3
27455,2
19263,6
10433,3
19062,6
8289,1
2334,5
10592,5
30959,0
17598,5
4724,4
23815,0
51829,5
6460,0
14049,5
9559,4
41126,6
21413,4
47001,4
19643,0
11086,5
15512,6
16297,6
12251,3
11252,4
27242,2
19283,3
7040,6
38534,6
17622,6
36097,6
42854,4
5358,6
51961,5
41053,4
2687,6
29057,0
23787,6
48825,6
10239,6
41361,4
38847,5
51073,0
34641,5
21461,5
20151,3
19526,6
30601,6
11018,4
41637,1
7100,4
40181,1
47798,1
47746,4
48026,6
30148,0
30953,6
21071,6
8865,5
52282,2
28197,4
36230,2
25003,5
13336,3
11685,2
36156,4
9330,5
50873,4
830,2
16981,6
31818,6
39551,3
1663,1
46014,5
20801,4
37830,4
8569,1
4199,0
18127,6
3846,1
4599,3
16834,1
43122,1
35751,4
1145,5
40116,4
31207,4
45318,3
22254,4
36800,5
18188,1
10936,5
45679,4
3722,6
335,4
6658,2
47128,1
30319,0
42964,3
41514,2
48161,3
49956,1
7249,3
16916,6
46692,4
42883,3
22190,2
16985,0
1558,1
34858,5
42050,1
18289,0
41493,3
24374,2
52428,0
43461,4
39468,5
6185,3
33193,5
29949,3
22330,4
51612,3
21062,4
7830,0
38441,5
10470,1
22741,6
18519,4
499,6
16615,2
25352,3
51204,0
11742,5
17329,0
8529,3
47646,5
17941,6
8634,3
18433,4
46287,4
16845,6
27549,4
37496,5
9156,0
48118,2
29572,0
16959,0
3143,0
8871,6
37889,0
15457,4
12304,5
28893,4
37838,0
18873,4
2831,1
17776,4
26767,0
17805,2
51986,4
22318,2
19171,5
31453,3
31754,4
4805,4
16893,6
28250,1
7906,4
42608,4
4937,2
25555,3
472,6
24847,5
27740,1
51738,0
6074,1
50387,0
10951,0
38730,2
40206,1
51452,0
32560,6
34197,5
6206,2
40015,1
12014,0
16293,3
46199,2
34609,6
4920,5
3214,5
11801,3
52864,0
27583,3
27979,1
16711,6
51907,2
11569,4
35576,3
44937,6
18985,5
49949,4
21852,4
19586,6
14218,5
11766,6
774,5
44910,5
34973,3
43602,1
45264,5
11845,4
20420,3
16896,4
29445,5
8608,3
32770,5
42574,1
49917,6
28195,0
43009,6
7426,5
7729,5
34659,0
5386,1
10288,1
1758,6
2030,5
30760,5
19074,4
23674,4
34684,1
19846,6
22313,4
39139,6
5245,1
6135,5
30066,2
12995,5
9067,4
52299,4
44390,0
50631,3
1908,0
41318,3
41805,2
11261,2
24062,4
4971,4
51860,4
5117,4
28951,4
25709,2
24267,2
8772,3
49644,4
41373,4
36667,6
23563,3
4530,4
11212,2
13308,5
531,5
46971,3
29489,1
42351,4
19777,6
10248,5
13994,6
35807,5
1761,6
26094,2
19435,2
10561,0
48557,3
16238,4
4052,6
31415,6
16263,0
29153,2
41904,5
22082,5
45529,4
13904,6
32035,6
16973,4
41738,6
44663,3
6710,5
23099,1
13061,6
1521,4
1186,4
37675,3
31659,3
2033,5
30065,3
37967,5
7612,4
11356,6
40115,6
15544,1
4294,6
45274,1
28430,4
4280,4
27125,5
3097,5
18369,5
32921,2
37074,3
16541,6
32736,2
34171,0
11531,5
5799,2
5842,2
22213,4
46176,2
19851,4
45857,0
16946,4
19101,2
23558,1
48720,2
22748,5
50369,4
14028,1
27579,4
17048,0
22315,0
25894,6
35166,3
48680,6
39654,1
51060,5
10454,5
15165,2
23776,0
42385,1
49282,4
19595,5
5847,6
51372,5
28478,4
45156,5
49342,4
39596,5
37313,6
49316,4
10097,4
13976,0
52177,2
45248,6
755,5
7978,0
25189,0
15173,6
38397,4
606,6
20134,5
8091,2
25368,5
13495,4
42375,5
2734,1
8785,5
44585,4
29103,0
10339,6
16680,5
13647,4
1583,6
18359,5
46537,3
42935,4
52948,2
31687,6
16256,0
52590,3
13204,3
4769,3
28336,2
2721,4
47046,5
11047,3
46766,3
51800,2
15426,5
30992,0
3225,5
24765,6
23872,3
44518,6
34061,4
27975,6
46467,5
16481,2
45051,2
42010,4
27680,5
45335,5
32612,3
39764,6
7269,4
351,4
37947,6
35629,1
45491,5
25921,2
38329,1
23267,4
3096,0
10404,0
13739,5
53342,6
21713,1
29992,6
11608,4
36189,4
195,4
44593,0
38472,2
6261,6
6105,5
39250,0
28145,4
2115,6
10070,3
35030,0
43733,6
51092,5
17914,0
28328,4
49315,0
36841,1
28387,5
36502,1
36779,0
13262,6
37446,0
6339,2
52022,2
28776,5
26362,4
19649,4
51914,3
39863,3
13693,4
28969,6
26320,6
21268,1
9998,5
36433,5
17908,0
41733,1
38517,5
6027,4
16950,5
31656,2
25192,6
23757,2
19465,2
44246,5
6435,6
11678,4
18488,4
26628,4
41534,5
27834,6
35685,6
12627,4
19695,4
35171,4
4664,4
4241,4
13749,6
46823,1
42003,5
1042,6
12675,3
21162,5
16918,4
52377,4
11593,0
38941,2
39266,1
536,2
53390,4
6203,3
31037,4
49848,6
24555,6
4874,4
11850,6
43664,6
18233,6
11750,5
52125,6
11969,4
40683,2
48937,4
3798,1
3213,4
14016,3
1058,6
31354,4
29084,4
35724,4
2162,6
20814,4
18668,3
35821,1
29287,3
2967,5
45605,5
45267,5
18898,0
36825,4
24834,0
8431,5
14970,2
53266,6
21974,4
44226,2
42406,0
14155,5
18905,2
26828,0
43801,3
44568,4
37234,4
34891,6
12156,1
17984,4
41046,2
20539,0
33616,6
4990,5
26274,6
20607,6
35953,6
50529,2
11338,5
6816,1
450,5
47816,5
17676,3
8380,1
22225,5
40096,0
2063,5
25302,6
2876,4
42334,4
18040,0
33263,6
46339,2
5417,6
19138,5
2176,4
1510,0
4176,6
49921,4
12557,4
37737,5
10916,6
12896,1
37099,2
49350,3
18959,5
20691,1
52775,3
3653,3
32750,1
11370,0
3177,4
26852,6
51276,6
949,4
4561,5
49661,2
7646,4
43146,2
40937,1
35031,3
4735,1
52336,0
43719,0
15581,6
13837,0
49675,6
13421,5
46366,6
27612,5
52473,5
1845,0
39642,2
26924,4
37334,1
2093,4
5797,1
10023,2
43032,4
2458,6
4425,6
22154,1
50956,6
38291,4
24141,3
4485,4
42564,4
35509,4
46859,6
20724,5
49989,6
29597,0
52930,5
35692,5
16450,3
35155,0
44446,5
17632,4
21139,1
26165,2
786,6
20192,4
16499,1
39105,3
6437,5
39717,3
33333,3
14117,4
28086,3
33732,5
7298,4
17633,6
44566,4
47592,5
16089,4
18881,6
15622,3
27212,2
13702,4
7493,2
25931,4
43358,4
10845,6
772,6
37139,0
46050,4
7628,6
14504,1
904,2
9715,5
51302,5
20977,2
25106,6
1461,2
6702,5
41654,4
23765,4
50891,3
30634,5
47065,6
36389,6
32231,6
5357,4
9605,5
40662,2
20300,1
35966,6
23710,6
28661,4
36831,3
8205,2
16757,1
5100,0
30164,6
23503,4
23054,5
51340,4
52522,1
32646,6
40045,6
4025,4
5768,4
44257,1
16308,4
26736,0
13265,2
11328,3
51597,0
4797,4
17781,2
7259,6
4897,6
36928,6
1136,2
5879,4
4167,4
37389,1
16898,2
10292,5
41967,5
4886,4
43018,4
3601,4
7429,1
14776,1
21337,4
17750,0
9422,5
39693,0
6588,5
21217,6
46145,2
50089,0
8193,6
20857,6
33615,4
40791,0
36954,6
17745,4
34762,3
34391,1
39934,6
48219,5
52521,0
15704,6
7225,4
22239,5
26179,6
25576,4
28974,5
8399,5
9008,1
34414,0
53218,1
14242,4
36313,4
487,5
40463,2
5548,5
36251,0
36126,4
11394,0
12124,5
46289,2
93,2
21610,5
1403,6
42320,2
47821,4
51577,6
45210,6
52534,5
13674,4
8302,5
27885,4
22848,4
23664,0
44822,0
20017,5
30943,3
22590,4
9564,5
7523,5
28368,6
9599,6
19124,1
42602,3
6601,4
40882,1
28132,5
8179,2
25017,1
3987,6
47673,2
599,5
20900,6
16848,3
20560,6
38890,2
24344,5
24132,4
1445,2
24513,3
23636,6
4414,4
46845,2
17879,1
10344,5
39971,4
17872,2
44162,0
6336,4
27028,6
22489,5
15059,4
37849,5
38221,4
14491,6
16376,3
3475,4
1963,4
46006,0
48913,5
21758,5
28988,5
8157,4
28679,6
24295,2
21550,5
49272,3
5334,4
9135,6
39907,3
33223,6
2981,1
27989,4
38647,2
44607,3
47996,6
33886,1
3408,4
26862,0
18254,6
48482,2
9718,0
324,0
15673,3
3312,4
31900,4
50293,4
27318,4
41336,2
13112,0
36955,4
24900,3
38315,6
35728,4
34363,4
15779,2
19319,4
42516,3
25314,6
4676,1
3969,4
14568,3
27839,5
29888,2
29440,1
32140,2
27434,4
11907,4
38300,6
41535,4
8875,2
10994,4
34312,5
2853,5
14440,5
25209,4
4969,4
3403,5
45870,4
19037,4
37586,4
18361,4
3049,6
5042,3
51065,1
32101,4
19974,6
24922,5
12002,5
17273,4
42016,6
5294,4
18003,5
26606,5
42173,4
5475,0
40195,4
48320,5
24228,6
6470,5
21372,4
48478,1
3666,4
15625,5
5623,4
18543,4
52550,5
5704,5
10048,5
16915,6
3394,2
8863,4
52049,5
7611,0
25584,4
14077,4
48127,4
11411,6
35594,1
12715,4
12706,5
2406,5
50952,4
19559,6
5528,6
19808,0
5175,5
12285,4
19448,2
10791,3
18411,4
42433,6
52372,5
12742,2
25848,6
10073,4
17801,6
34968,3
49966,0
45097,5
27663,6
38115,0
13235,0
33009,3
49125,4
40460,2
12887,3
49581,4
30000,6
52289,0
25087,6
9329,0
11115,4
25065,5
13340,1
29822,0
6827,6
34501,4
19918,0
13876,3
2886,4
10474,6
36826,6
19531,4
35417,2
5443,4
13405,5
22579,4
16518,6
13865,1
13199,4
18240,6
12770,2
4844,5
52342,0
9503,5
4555,0
26867,4
20915,3
2230,4
40804,5
635,4
13051,4
6918,5
44704,1
36626,4
27098,4
44914,2
31314,0
37416,4
17931,5
16828,4
4669,0
49612,6
52394,4
51919,2
52056,6
7095,4
28779,4
22384,6
3684,6
44271,3
18809,5
6102,6
23557,4
20890,4
47167,6
173,5
15910,4
33938,6
28248,2
9880,5
7025,6
1519,5
30663,6
49010,3
40719,1
4479,4
26412,5
2663,5
13045,0
41116,4
38396,4
17045,6
26913,3
3761,2
35597,5
22294,2
8764,3
25104,6
34497,5
46345,5
3261,1
33863,6
11679,4
2453,2
45812,1
5748,3
5241,6
31296,3
7099,5
372,5
8266,4
38486,3
28972,6
48374,2
41390,5
19363,4
31932,6
46585,4
27168,2
53334,5
20818,6
4470,4
49870,2
18966,6
18199,4
9159,5
17992,2
3642,4
24591,2
6249,5
8787,4
12192,4
21904,6
45617,5
52766,6
18417,4
9199,3
38754,5
40360,5
12101,4
27221,2
15783,5
51677,6
10335,6
16371,1
18576,6
28868,1
7357,2
12724,4
4891,2
20011,5
10439,2
47907,2
8056,4
40124,6
10864,6
10128,2
16108,6
18230,5
34980,0
23132,5
19313,4
10990,5
6960,5
2590,2
8444,5
32139,2
8565,5
13484,3
32425,5
32651,2
43950,5
8744,0
24813,6
28375,5
20938,0
26096,5
40628,4
12412,4
29322,6
32988,6
24731,3
43464,3
36585,6
31134,6
38043,0
16574,6
37833,3
45302,5
32439,6
3246,4
29335,3
39319,3
16749,2
18719,5
45989,6
31198,6
43925,4
33416,1
2543,3
507,4
48795,2
35899,6
17097,6
36452,4
27712,5
4741,4
3086,5
10706,6
12063,0
36206,6
5559,4
31245,2
979,6
12291,4
51357,1
16637,4
25548,2
41029,0
14742,5
11369,4
7203,2
4130,4
30571,6
2226,3
20325,5
10522,0
27631,6
11030,5
52252,2
5330,4
45855,0
787,4
19043,4
30687,6
8144,6
23056,6
14654,4
45661,4
48457,6
38446,6
21336,1
11644,1
25929,2
256,5
14176,4
30767,6
19737,5
4253,5
8204,3
5766,6
15050,5
26050,3
3348,4
47663,4
5290,3
8592,4
44495,5
2218,4
28397,4
11372,5
2268,6
37242,3
50351,1
30416,4
21194,4
45451,4
51570,3
33545,4
7194,6
45426,2
2548,2
18478,4
3071,4
16870,0
23288,1
43339,4
45761,5
33138,4
11746,4
33878,4
11622,2
22608,3
6479,4
36459,6
5531,6
40916,5
19219,6
14097,3
43185,6
30847,3
33158,4
12216,0
23977,6
7885,4
32923,4
16582,3
16461,0
5685,5
10509,4
41261,4
36180,3
21532,0
12590,4
18342,3
28419,5
38884,3
30534,0
28597,4
14447,1
34250,2
16409,0
40383,3
13874,5
14759,0
5749,0
24113,0
47346,5
40042,4
8629,4
44185,4
1303,4
13346,4
38483,0
14267,5
37323,0
6922,4
38620,5
26097,6
21657,1
24431,3
36705,3
39969,1
13950,3
35284,5
7766,4
36456,6
22710,4
47041,4
4917,5
38504,1
40251,5
1074,6
19942,5
45806,3
11519,0
43237,2
21307,0
7467,3
24915,5
4962,1
3456,4
51710,5
11233,6
1872,1
29302,6
20427,1
7422,5
8564,5
48256,4
36048,0
48519,1
2985,5
34251,2
29083,4
52334,4
10145,1
8003,5
6373,4
5598,5
14150,5
16053,5
43743,5
39193,5
16914,0
21448,0
20106,6
37590,2
47078,2
9071,5
19102,0
13576,4
21260,6
12515,5
15383,6
44871,6
20648,1
49456,6
41610,6
24075,6
40650,6
16137,5
39870,4
9366,4
53164,3
21768,6
36077,0
24770,6
41588,5
50976,4
30258,3
24451,4
45595,0
36021,6
7376,5
5349,5
26816,5
28704,0
27506,1
25080,3
10739,2
2707,5
7969,6
14001,4
29082,6
35585,1
7278,2
53269,6
12796,1
32684,1
26275,3
42007,1
46205,2
8337,0
36121,1
39658,0
37617,2
21403,4
8045,0
23486,6
51823,6
29203,0
5711,6
12145,0
13046,4
21434,6
14867,6
14595,6
40255,4
16773,4
26397,6
31842,0
41130,0
18878,4
12745,3
23253,4
7159,6
27818,1
7904,0
8607,5
9096,0
7514,4
13658,6
50232,6
41284,0
35065,3
20110,5
10695,1
14253,5
9427,4
47285,4
16883,3
24260,4
36938,6
34582,0
2657,6
14034,2
46723,4
20565,0
44595,5
652,4
42607,6
41298,5
13065,6
9176,4
13429,1
35562,6
37031,0
26544,4
48766,4
32489,6
34583,6
27949,4
26597,4
5761,4
45418,4
39727,2
47770,3
26376,2
15060,2
44099,2
21152,6
6754,4
24042,4
12955,3
53161,5
53092,2
19523,0
16346,6
30366,6
9285,1
31273,6
21425,6
14454,5
29460,3
9849,6
16140,2
31861,4
25502,5
4737,4
9691,6
25029,6
26578,3
49895,6
614,4
5556,4
34271,2
51221,6
51939,0
19519,6
21359,6
14943,4
52127,3
36711,4
43165,4
24609,6
30614,5
3709,4
28077,1
16478,5
26432,2
11424,4
23150,6
32689,0
27226,1
13093,5
35818,4
40185,3
30034,4
34224,1
30396,1
48299,6
23413,6
5732,4
7293,5
11664,6
7498,3
25004,5
42024,2
20321,2
39013,2
38249,6
35355,6
24497,4
290,6
50749,6
34695,5
41037,2
5844,0
18735,0
26286,4
19038,4
32867,0
32581,0
11909,5
39297,4
6795,4
40778,1
28608,6
47734,1
12334,5
28839,3
32301,5
23448,2
22553,6
5192,5
49344,4
13592,5
10578,5
22159,6
33838,4
16666,2
179,4
49742,2
26411,4
53130,3
34298,4
10659,4
5465,4
38629,1
12258,5
7378,0
35060,3
52002,6
14753,3
4875,5
30160,1
29115,5
893,6
7909,6
15664,5
23209,6
23657,4
37541,3
50946,4
52592,3
19442,2
19244,4
19024,5
36361,2
51590,0
21067,4
52699,3
35111,2
21721,4
15069,2
37650,0
8767,5
15992,2
16036,5
51269,6
9646,6
35833,2
5279,5
10704,3
28433,6
7866,4
13311,1
26723,1
36660,5
14850,3
16435,6
38021,6
38848,1
35910,0
8505,0
1075,0
14152,2
21653,6
10181,2
11795,4
41647,1
38597,4
35663,5
17365,4
23240,5
24120,2
47030,6
44590,5
21801,6
14403,5
21187,6
20743,6
40234,3
43217,6
13810,6
22115,5
20162,2
50980,5
23286,5
25593,0
9,5
4298,4
39506,4
13463,5
6567,0
25161,6
25432,4
3688,6
41205,5
43836,2
5053,4
24748,5
35982,6
18182,6
49447,3
38854,4
8861,1
51437,2
23615,2
42970,2
38143,3
11942,5
36738,2
45805,4
130,5
34510,4
46089,6
52816,6
30429,4
1702,2
50519,2
11502,4
24694,6
32589,5
39910,3
50290,4
38821,5
15954,5
25379,4
15295,4
35024,5
33675,4
32275,4
21796,6
11217,2
946,4
9239,3
143,4
52869,4
14012,5
6615,0
27179,5
32099,2
28013,5
23291,3
5878,4
27729,4
8276,0
32607,2
26510,5
11114,5
19419,4
29857,4
20283,4
30662,5
51679,6
28392,5
32522,6
29242,6
35913,4
37487,0
27111,2
24328,6
18373,0
21355,5
49865,0
7198,2
32753,4
4909,5
22711,5
36614,6
38996,1
26395,2
31457,2
40473,4
21499,4
1539,4
1746,4
26641,2
18001,0
3878,6
44010,6
6836,2
12918,6
10420,4
3670,6
38406,5
12205,0
9188,3
22898,3
37078,5
46601,5
9673,1
36024,4
46791,2
29423,6
35279,6
43170,3
1428,4
38984,4
26863,5
20978,4
33117,0
15534,5
8587,0
5547,4
13745,4
38830,4
14911,5
51028,4
30255,5
4517,5
15621,5
12074,3
7134,5
13099,5
23309,2
24828,0
8941,2
28402,4
14946,5
3042,5
29329,2
22797,2
20179,5
5297,4
40371,4
48025,4
41969,0
25698,6
12719,2
11691,6
26439,2
6867,4
4921,6
25276,4
51078,2
37392,3
34230,0
33348,6
8996,5
22420,5
49301,5
1054,6
16512,3
24262,0
43335,5
18100,0
8518,5
51462,2
9711,5
35824,4
36827,3
14960,1
13557,2
30435,1
4481,6
50768,4
1471,4
2446,6
9178,6
11829,3
51490,6
30317,2
6841,5
2575,5
996,6
32124,5
28235,5
10071,5
38169,4
21878,6
8798,4
6907,5
16901,4
39897,3
47107,3
18273,5
30882,6
48910,4
6068,6
31265,5
40104,3
22857,6
759,5
6979,6
25686,4
25538,4
45874,3
3021,6
7094,0
45684,1
17285,2
6440,3
25794,1
20929,4
46257,1
21996,4
29784,6
47419,4
19422,0
39286,2
6071,6
11587,4
47255,4
698,6
53422,5
22558,3
18226,5
36674,6
7338,1
32635,5
52894,5
1920,4
36789,4
22506,6
33406,1
16551,0
14917,6
4227,5
3629,2
16853,5
25746,3
31088,6
2060,4
3996,6
20870,5
43940,5
1390,5
6774,4
13310,6
40361,0
45655,1
2421,4
30738,0
21627,4
1323,6
6864,4
52104,5
40272,4
50510,4
8632,0
13435,3
9762,6
52482,3
25304,1
28685,1
14265,5
23617,6
41011,4
15626,5
49786,2
40707,6
1815,5
20394,5
8693,4
10297,6
9923,5
27416,4
2858,6
41103,3
35126,0
52231,3
13774,2
32333,1
12276,6
1580,4
34221,3
32234,0
23684,5
40285,4
1041,2
27841,4
7503,5
8099,3
21545,0
44145,6
16509,4
13510,5
14814,2
24699,1
24970,6
30962,6
16949,5
2398,5
27488,5
32418,4
42120,5
2617,6
43380,5
7406,3
50831,2
18995,0
20499,1
19433,1
125,5
11179,6
7703,6
6326,2
6619,4
26001,5
12073,4
5463,1
8429,1
34205,2
4311,4
2348,2
18337,1
46524,4
10865,4
49739,4
35315,6
44467,4
9175,0
27467,3
29409,5
2878,4
49485,2
5480,2
19446,4
17250,3
7011,1
6107,6
37856,6
14285,1
16336,4
37455,2
262,4
37075,6
105,2
10050,3
38888,1
24216,6
11165,4
28057,6
8622,3
31191,6
7395,5
1536,0
4689,2
13270,4
11065,4
50127,4
16383,3
29769,5
46227,1
10556,3
19895,6
9924,5
8696,0
19546,6
14925,1
25855,4
20713,6
31284,2
15735,1
26774,4
4240,6
7423,4
9306,5
49632,0
31028,4
33012,6
38293,5
8148,0
14986,6
45860,4
10554,2
25320,5
50953,6
16326,4
11385,4
7381,6
44749,5
43450,4
46863,2
39457,0
48862,4
3979,4
4711,4
12749,3
6857,6
13064,4
31250,6
9747,0
10374,4
1438,5
18506,1
33764,2
42898,4
40003,2
18228,3
18496,6
38649,6
50382,5
36978,4
22091,2
48189,3
10694,6
8679,6
48964,6
20201,6
49,4
25214,0
43854,6
35958,4
28338,1
35574,2
49686,6
11769,3
25890,6
48664,5
13033,6
7447,5
10406,2
41463,6
1431,5
50919,1
25776,6
7065,6
2816,2
39491,5
51395,4
35165,1
10123,4
4058,2
15176,4
24158,2
49596,1
35776,5
41142,5
15741,0
8318,4
25916,5
21620,2
3040,6
8605,6
25950,3
529,1
30822,6
24893,4
37934,3
2972,2
39435,2
46141,6
25723,4
33522,2
8812,4
3703,4
47906,3
39567,6
16595,6
19320,6
34842,5
27307,0
14457,6
25594,5
20503,3
50600,5
33151,0
7717,6
47378,6
34651,0
2513,5
5932,6
11438,4
45143,5
1891,4
44093,0
19347,4
50975,6
24717,3
3918,0
33898,6
7410,6
53165,3
27385,1
16593,4
9720,0
909,6
22006,6
9409,5
11364,5
8459,0
2177,3
41861,4
27540,0
47571,4
5172,5
1789,4
29968,5
15489,5
52321,5
36953,5
39676,0
28121,6
49531,5
38215,5
11285,5
36984,4
45327,4
13992,3
34566,4
18696,0
14935,2
375,5
32764,6
16252,3
8586,1
49175,2
36516,4
46147,2
4376,4
10998,4
52905,0
3074,6
38343,5
2925,5
5845,5
659,4
8501,4
44499,2
29071,3
8558,3
1178,6
19499,2
9587,4
17071,0
23126,5
5917,6
16488,6
5032,6
9803,4
8813,6
47411,0
45519,2
11455,6
42083,3
12093,4
39205,2
24895,1
46557,6
23346,6
14959,5
46681,4
32016,2
27750,5
24137,6
48730,6
38286,5
51912,0
5076,4
48247,5
31825,5
7348,5
49033,3
47742,3
31947,3
41423,4
13223,4
27176,4
14234,6
25303,1
39661,3
34050,4
3630,6
13448,4
11383,3
21551,3
42119,2
13379,3
1092,0
34768,6
46586,2
46782,4
22051,2
8060,4
43456,5
51473,2
30704,0
36741,3
27066,2
22548,4
12257,4
48382,4
8334,1
6714,4
2047,0
30774,6
36623,2
13682,6
36849,5
41747,1
43952,4
32554,6
41931,4
14848,6
37481,0
47476,6
45214,6
10284,0
39823,4
26827,6
8401,5
23525,5
41065,4
53207,5
16128,4
37373,6
1576,4
46175,2
33578,4
41393,3
19674,0
17643,1
40875,2
10576,3
19574,6
28973,1
36613,6
36627,6
17202,1
21973,4
36562,2
2233,5
42099,4
32162,6
20941,0
45643,2
24155,5
16626,6
39149,0
37771,6
48245,5
45473,4
48329,4
42619,0
39241,6
3068,5
7853,6
48750,6
18609,5
23696,6
34442,5
5161,0
17597,6
25751,4
26438,2
10422,0
32545,4
7759,3
44425,6
26890,2
42754,3
23159,4
12572,3
16240,0
8415,5
6993,6
7712,4
27639,2
45306,5
50101,4
19472,0
8894,1
1947,1
2272,6
9250,3
6393,4
21225,1
26213,5
16063,4
5741,4
11771,4
30700,5
2911,5
48385,5
6790,5
13761,2
13595,2
6363,0
4732,6
9478,5
27320,2
22378,0
8199,6
9943,2
43393,5
51264,5
10933,4
38160,5
50570,2
12779,2
28616,4
45720,3
4504,5
5102,4
5924,4
51414,3
17467,3
17072,5
51620,6
34265,4
17972,5
18650,5
7466,2
5705,4
29333,6
43293,4
8685,3
12543,3
2952,6
49076,6
23214,2
43941,6
28631,0
17582,4
5837,4
24230,3
31396,6
5581,6
29514,5
34495,5
17127,0
427,4
24452,3
13987,4
49942,6
48663,2
28265,4
22097,2
9563,3
13029,3
15324,5
10114,3
24222,4
16502,5
1261,6
9456,1
12940,5
24743,2
35038,2
10896,5
33993,6
34522,3
368,4
25961,6
9410,4
51047,5
8804,0
16796,2
12900,5
27674,4
30450,5
25600,6
6060,4
27926,2
17301,4
43382,5
23830,1
10670,4
11618,4
19843,6
8919,2
17423,0
11735,1
41887,2
35717,6
27581,6
40554,3
19439,6
29100,1
2978,1
43620,2
28272,3
49980,3
10798,5
37079,5
4700,0
30220,5
31923,4
26524,0
29907,3
23414,5
24445,1
5317,4
24055,2
24586,4
53332,0
17665,4
15810,4
51497,6
23823,5
11500,2
42469,0
5270,5
24874,0
16134,2
49144,5
18514,6
5743,5
4416,4
28824,6
42025,1
22512,5
8866,4
17502,2
22550,6
24040,4
9705,4
43202,2
9131,0
38744,2
35418,1
15538,6
21160,6
41026,6
20390,0
30247,2
38742,3
11599,4
50426,0
23128,2
47010,6
12462,4
41729,6
10590,5
33212,0
25021,6
17136,1
1547,4
5688,6
32756,3
25583,4
32312,0
35993,6
37381,0
14166,3
46765,0
18087,2
18098,0
12,4
26860,6
13695,4
53028,2
10917,4
51248,4
12782,4
43329,6
49209,5
13381,0
47136,5
16226,6
49254,5
31767,6
41648,6
9743,0
26069,6
12158,0
51756,2
38335,4
27451,3
38780,0
30412,4
14933,5
2154,2
35764,5
40237,5
12395,5
46117,6
52162,3
13525,6
19857,0
52615,5
38463,5
31421,5
14505,3
19863,1
11889,4
13767,4
29307,6
11268,5
25074,0
13521,0
44141,3
39938,3
28016,1
29291,0
49302,5
13655,6
9123,3
46252,6
29684,1
6660,0
47037,1
4468,4
45485,4
8339,6
42072,4
39775,1
39919,2
32913,0
10889,6
17308,4
34270,6
16766,6
1275,5
34200,6
16889,6
39118,0
25268,3
10648,2
14264,1
40710,6
5801,2
22735,3
23867,5
6800,4
31634,4
42683,5
13520,4
37154,4
9065,3
31118,0
30071,0
13977,5
17986,5
24572,2
43599,4
28530,0
24381,4
35620,6
14404,0
29776,0
25997,0
28247,4
3124,5
7366,2
20329,5
41450,6
7905,6
36807,6
46054,3
47042,5
12654,4
8887,2
8537,4
18426,0
29797,4
6315,4
35211,3
14552,4
14315,0
25708,4
28725,6
16842,0
35134,4
4763,4
31760,4
17679,4
3986,5
7919,6
37418,6
23031,6
32108,4
20069,6
11132,5
13732,3
7580,6
7610,4
11117,3
49787,6
2535,6
35515,3
20119,4
2699,5
27167,4
50862,4
19139,5
1549,6
3555,6
39992,6
26729,0
11055,6
18343,4
852,5
9429,5
47754,5
27745,1
35639,2
17991,0
13088,6
16245,4
46986,2
29688,0
37862,6
50158,4
6390,0
23762,4
19834,5
10570,0
16543,5
31121,6
18611,6
2427,4
37128,0
30666,6
18463,1
31957,0
51675,1
40468,2
1060,6
17994,2
29731,0
43554,5
42192,3
26703,1
695,5
9937,4
38951,2
25644,6
36815,2
34611,3
2314,6
17220,5
15967,5
9078,4
36598,2
12829,6
33907,0
38290,4
24907,6
45762,6
22259,5
38768,2
12728,4
21366,2
24781,6
9278,3
25495,2
42049,6
51438,0
30719,4
51793,3
1910,3
4823,4
18814,5
41339,2
8149,6
39583,6
52570,6
616,6
36991,6
28924,0
51479,0
3490,5
43039,5
6170,4
44342,2
557,5
6303,4
21887,2
14060,3
6210,5
41680,6
9857,2
17391,6
50109,2
42992,1
28101,4
9650,5
41204,3
16945,0
5666,3
22202,6
8068,3
17684,0
37396,3
7521,4
38012,4
34037,4
15856,6
48633,2
12569,2
42969,4
653,6
35339,1
9474,6
36836,2
9688,1
22452,4
40293,4
47003,4
5568,2
42377,0
51333,1
47752,0
28323,3
39825,6
28175,4
32832,6
21839,1
10677,3
11006,4
37556,4
12563,6
19866,3
18382,0
40168,0
7641,4
40239,2
34924,4
35264,2
44779,4
4626,4
26853,0
32201,3
18892,5
27865,2
4377,4
20508,3
8316,5
52136,4
34785,0
9957,4
19578,6
9017,1
47493,4
27371,4
50244,6
44838,3
29554,4
30543,6
9303,3
47904,0
44683,2
31443,1
22774,6
26738,5
4152,6
51444,4
13197,5
10063,4
1107,6
45353,6
8362,2
30695,5
26759,0
48881,5
24514,5
22319,4
23460,6
6744,5
37100,0
25845,4
22122,4
33102,6
31869,3
33107,2
5905,4
32286,2
16340,5
32186,2
13025,0
12444,2
45162,2
48355,4
16111,1
9916,5
19715,5
2144,2
51593,3
43624,6
36424,6
24324,0
46152,1
25958,4
6484,5
40156,5
36498,4
26059,5
40820,6
32615,4
28287,6
5823,4
36173,4
25061,2
20722,3
40032,1
27810,4
5815,5
7477,4
31719,3
46665,4
363,4
30300,1
49150,0
13057,4
26807,6
23521,6
46444,5
29241,4
32228,4
33766,5
41872,3
7918,6
31743,3
18749,3
15263,6
15506,6
48607,5
22368,3
13115,3
33454,3
11737,3
10277,1
3361,2
47811,1
6276,4
52999,1
6887,3
14796,4
1104,5
30790,4
2041,4
49222,4
47482,2
23589,2
24314,4
50618,4
24339,3
4134,1
45811,5
39137,4
4717,6
28165,4
27825,0
20433,4
14586,2
4523,0
39970,6
36164,3
47572,5
16427,0
17850,5
30273,0
19098,6
51515,3
43169,6
20823,6
10985,6
14350,2
18702,3
52364,6
23086,6
6786,5
5390,2
29266,2
45518,4
43050,0
18811,6
35863,3
23300,5
22731,4
23682,4
50251,5
21316,4
26634,1
23907,6
34226,2
15494,1
45011,2
39787,2
23295,3
6159,4
28154,2
38209,5
28747,3
31699,3
1350,2
53414,2
23316,6
40170,3
32841,5
27932,0
13201,1
26284,4
4590,5
7953,1
44668,6
21440,3
43389,5
21229,4
46327,3
22444,0
11962,3
44401,0
53054,3
9049,5
10478,5
5566,0
9053,6
12616,6
5382,6
17161,3
27685,4
39845,6
1586,4
952,5
14549,2
42640,6
43392,5
16714,4
34542,3
49562,1
19013,2
5275,4
11948,4
16153,4
36405,6
17275,4
9840,0
9588,5
29865,1
5859,5
4396,2
28362,4
52159,3
45824,6
8711,4
19015,5
10892,4
15897,4
6574,0
46674,4
11874,4
6668,6
41974,5
8833,4
35608,6
683,4
8805,6
2821,5
24190,4
8574,5
20182,0
23392,0
222,4
21270,3
951,6
19751,6
4405,5
13205,3
4265,4
19408,6
28161,3
22042,5
18471,3
21524,5
5337,2
23877,0
9648,0
28042,0
53220,5
17103,2
41854,4
39552,4
43400,5
18868,0
44833,5
21511,2
11958,6
28694,4
14002,1
24463,1
52315,2
7355,4
46649,3
28701,5
37662,6
39075,2
15663,2
16596,6
4866,1
6708,5
26627,2
30094,4
28812,2
9145,0
19395,6
44640,2
20467,4
8460,0
29701,6
42605,6
23690,0
2247,2
51188,2
13479,5
51991,2
53360,4
26999,5
6007,2
37665,5
9395,5
4335,5
11567,3
34330,5
14148,3
23455,5
33516,5
493,5
23604,6
15737,6
24547,5
47424,6
46805,3
17021,4
40765,3
47671,4
5686,6
7536,4
42086,3
24982,1
29200,5
9783,4
27287,3
3686,6
36848,6
7760,4
12456,0
10492,4
1522,5
2112,6
40676,3
29132,1
35374,4
5886,0
27959,0
47498,4
33836,0
17114,4
42342,5
27127,2
40691,6
28777,5
2166,5
49189,3
29818,2
41468,5
19647,4
40907,3
13725,4
33364,0
16789,0
23198,0
13449,5
34977,5
9790,6
43423,6
19926,2
19120,4
16609,4
37447,2
25872,2
4447,6
53088,5
283,5
9831,2
29942,2
15153,3
29972,1
5829,1
17006,0
44247,6
26185,3
29729,5
16788,5
37981,4
9344,1
21510,2
5805,5
925,6
3540,2
10822,2
36037,5
46654,3
3153,4
19562,3
8551,6
7647,1
43377,5
52529,3
12401,4
36244,6
1411,0
1741,4
36349,6
36419,3
7077,4
47024,5
153,4
14716,4
26908,0
25521,1
48626,3
42641,4
1538,0
3584,5
39653,4
13968,5
19757,5
8819,5
5895,6
46560,1
1565,5
40020,6
26310,3
1779,4
18184,3
37153,2
1002,5
41761,5
27021,2
24277,5
28429,5
41282,0
31303,6
46159,3
2160,4
21823,4
19298,0
48561,5
27196,5
32212,2
41084,3
10770,4
2428,6
352,5
33865,4
34754,4
40440,5
42315,3
17172,2
343,4
2635,4
1747,6
32946,3
17661,0
25953,0
46631,0
15452,3
22467,0
23514,6
13502,5
29391,0
36651,3
4933,4
31560,5
21028,5
10679,5
12329,4
16404,4
6246,4
47370,1
46864,4
24926,5
50291,6
33649,6
13140,5
18214,0
31379,5
2907,4
1899,6
2035,0
37547,5
6367,6
45511,4
4163,4
33734,1
43601,0
32976,5
16791,1
7958,4
22922,0
27245,1
17804,6
5374,3
6497,2
14607,5
9586,4
21826,6
41784,0
26773,5
1967,6
6684,6
30641,1
23623,6
39337,4
25050,3
3389,2
41151,5
24236,5
4558,2
39303,2
30472,6
1962,1
23962,6
18122,4
10611,4
37683,5
12624,1
18494,2
28343,3
24111,0
9985,1
40162,5
33447,3
44448,2
18412,5
24282,4
53002,2
20492,4
14013,1
22899,4
17235,6
33049,2
13189,5
21477,2
38170,3
32902,4
29484,6
6234,4
17131,0
21921,6
20027,3
37577,2
38810,6
24848,0
47918,5
5949,4
7290,5
15904,0
21943,4
19848,5
38328,0
10068,4
25033,4
48453,0
37765,3
50211,4
3911,4
29024,0
49768,3
11804,5
11511,1
48440,4
148,4
10424,2
26181,0
18479,4
34755,4
33821,6
12754,5
45933,3
28341,6
17888,2
29080,0
19998,4
36939,2
31504,1
28310,0
44005,0
22171,0
16347,6
9102,4
29442,5
13369,0
7369,4
1321,5
23545,2
17422,1
10535,5
10134,6
16537,4
3754,0
18982,4
17709,2
29059,0
7896,2
14384,4
7329,6
50375,5
48986,2
3315,0
24219,5
40832,3
14839,6
14362,4
39646,2
33503,3
22277,4
13006,5
47138,6
40180,2
29383,5
25435,6
39140,2
46153,3
16032,4
4575,5
19704,6
47217,6
24386,0
49323,2
27853,6
38055,6
5967,2
3610,2
14132,0
32354,2
15998,2
2234,5
42591,6
5154,4
21033,1
41055,4
47226,3
38682,4
5904,4
23355,0
8365,2
17292,4
4323,1
4985,6
11378,5
48685,5
23173,0
35556,6
23512,2
49770,3
22308,3
17328,4
25466,6
37821,5
18938,0
44470,4
46136,3
40302,6
6939,2
42372,3
47653,4
19224,1
37898,6
28313,0
16602,6
19006,5
15354,1
13233,5
15107,4
34826,3
4339,4
35731,4
41296,2
16451,6
44056,5
41140,6
16131,4
46031,3
37653,6
11056,5
6456,6
29951,6
25063,4
45347,3
47957,2
7631,5
26115,1
15773,5
35468,5
35830,6
24507,5
8469,5
20793,6
11070,5
34255,0
11122,5
27268,3
21494,5
8624,4
38602,2
9295,4
32005,4
7632,2
36624,5
27998,3
43454,6
2526,4
29074,6
29694,6
23370,2
8456,5
479,5
2343,6
23385,1
20214,4
46693,0
38506,0
26608,4
3377,6
52234,6
17522,5
3844,5
